{
  "Producto": [
    {
      "id": 1,
      "Tipo": "Galletas",
      "Marca": "Terrabusi",
      "PrecioXuniComp": 85,
      "PrecioXuniVent": 140,
      "UniTotal": 6
    },
    {
      "id": 2,
      "Tipo": "Galletas",
      "Marca": "Merengadas",
      "PrecioXuniComp": 80,
      "PrecioXuniVent": 110,
      "UniTotal": 12
    },
    {
      "id": 3,
      "Tipo": "Chupetines",
      "Marca": "Pop",
      "PrecioXuniComp": 7.5,
      "PrecioXuniVent": 15,
      "UniTotal": 30
    },
    {
      "id": 4,
      "Tipo": "Chicles",
      "Marca": "Top Line 7's",
      "PrecioXuniComp": 36,
      "PrecioXuniVent": 55,
      "UniTotal": 35
    },
    {
      "id": 5,
      "Tipo": "Snacs",
      "Marca": "Rueditas",
      "PrecioXuniComp": 70,
      "PrecioXuniVent": 110,
      "UniTotal": 6
    },
    {
      "id": 6,
      "Tipo": "Snacs",
      "Marca": "Chetos",
      "PrecioXuniComp": 70,
      "PrecioXuniVent": 110,
      "UniTotal": 6
    },
    {
      "id": 7,
      "Tipo": "Afajores",
      "Marca": "Grandote",
      "PrecioXuniComp": 22,
      "PrecioXuniVent": 40,
      "UniTotal": 20
    },
    {
      "id": 8,
      "Tipo": "Chupetines",
      "Marca": "Pico Dulce",
      "PrecioXuniComp": 10,
      "PrecioXuniVent": 17,
      "UniTotal": 20
    },
    {
      "id": 9,
      "Tipo": "Golosinas",
      "Marca": "Mantecol",
      "PrecioXuniComp": 24.15,
      "PrecioXuniVent": 32,
      "UniTotal": 25
    },
    {
      "id": 10,
      "Tipo": "Golosinas",
      "Marca": "Huevo Kinder",
      "PrecioXuniComp": 84,
      "PrecioXuniVent": 125,
      "UniTotal": 9
    },
    {
      "id": 11,
      "Tipo": "Golocinas",
      "Marca": "Gomitas",
      "PrecioXuniComp": 1.75,
      "PrecioXuniVent": 3,
      "UniTotal": 400
    },
    {
      "id": 12,
      "Tipo": "Snack",
      "Marca": "Lay's",
      "PrecioXuniComp": 65,
      "PrecioXuniVent": 95,
      "UniTotal": 5
    },
    {
      "id": 13,
      "Tipo": "Galletas",
      "Marca": "Oreo",
      "PrecioXuniComp": 50.91,
      "PrecioXuniVent": 65,
      "UniTotal": 8
    },
    {
      "id": 14,
      "Tipo": "Chicles",
      "Marca": "Push",
      "PrecioXuniComp": 2.04,
      "PrecioXuniVent": 5,
      "UniTotal": 50
    },
    {
      "id": 15,
      "Tipo": "Alfajor",
      "Marca": "Aguila",
      "PrecioXuniComp": 66.09,
      "PrecioXuniVent": 90,
      "UniTotal": 6
    }
  ],
  "Ventas": [
    {
      "TipoDePago": "Efectivo",
      "Monto": "500",
      "NumCliente": "44444",
      "NombreClient": "franco daniel iriarte",
      "Fecha": "2021-08-12",
      "Turno": "MAÑANA",
      "Compra": {
        "pops": "0",
        "lay's": "0",
        "aguila": "2",
        "terrabussi": "12",
        "merengadas": "4",
        "push": "0",
        "oreo": "6",
        "gomitas": "1",
        "huevos kinder": "4",
        "mantecol": "0",
        "pico dulce": "0",
        "grandote": "0",
        "chetos": "0",
        "rueditas": "0",
        "top line 7's": "0"
      },
      "id": 1
    },
    {
      "id": 2,
      "TipoDePago": "Tarjeta",
      "Monto": 250,
      "NumCliente": 4616926,
      "NombreClient": "Joaquin Bustos",
      "Fecha": "05/03/2022",
      "Turno": "Tarde",
      "Compra": [
        {
          "pops": 2,
          "lay": 1,
          "aguila": 2,
          "terrabussi": 0,
          "merengadas": 0,
          "push": 0,
          "oreo": 0,
          "gomitas": 0,
          "huevoskinder": 0,
          "mantecol": 0,
          "picodulce": 0,
          "grandote": 0,
          "chetos": 0,
          "rueditas": 0,
          "topline ": 0
        }
      ]
    },
    {
      "id": 3,
      "TipoDePago": "Tarjeta",
      "Monto": 250,
      "NumCliente": 4616926,
      "NombreClient": "Joaquin Bustos",
      "Fecha": "05/03/2022",
      "Turno": "Tarde",
      "Compra": [
        {
          "pops": 4,
          "lay": 1,
          "aguila": 2,
          "terrabussi": 0,
          "merengadas": 0,
          "push": 0,
          "oreo": 0,
          "gomitas": 0,
          "huevoskinder": 0,
          "mantecol": 0,
          "picodulce": 0,
          "grandote": 0,
          "chetos": 0,
          "rueditas": 0,
          "topline ": 0
        }
      ]
    }
  ]
}